{
    "0": {
        "0": {
            "0": {
                "mi_acc": 0.6813843607902528,
                "rmse": 0.5643702507019044,
                "mae": 0.3186156332492829,
                "mi_prec": 0.7975637912750244,
                "mi_rec": 0.715116274356842,
                "mi_f_b": 0.7540337443351746,
                "mi_auc": 0.661667428251159,
                "ma_prec": 0.6473156332969665,
                "ma_rec": 0.6616674423217774,
                "ma_f_b": 0.6504580140113831
            }
        },
        "1": {
            "0": {
                "meta_doa": 0.5868549702016475,
                "pc-er": 0.2549072265625,
                "rm": 0.37345052741188556
            }
        }
    },
    "1": {
        "0": {
            "0": {
                "mi_acc": 0.6813843607902528,
                "rmse": 0.5643702507019044,
                "mae": 0.3186156332492829,
                "mi_prec": 0.7975637912750244,
                "mi_rec": 0.715116274356842,
                "mi_f_b": 0.7540337443351746,
                "mi_auc": 0.661667428251159,
                "ma_prec": 0.6473156332969665,
                "ma_rec": 0.6616674423217774,
                "ma_f_b": 0.6504580140113831
            }
        },
        "1": {
            "0": {
                "meta_doa": 0.5868549702016475,
                "pc-er": 0.2549072265625,
                "rm": 0.3734505274118856
            }
        }
    },
    "2": {
        "0": {
            "0": {
                "mi_acc": 0.6813843607902528,
                "rmse": 0.5643702507019044,
                "mae": 0.3186156332492829,
                "mi_prec": 0.7975637912750244,
                "mi_rec": 0.715116274356842,
                "mi_f_b": 0.7540337443351746,
                "mi_auc": 0.661667428251159,
                "ma_prec": 0.6473156332969665,
                "ma_rec": 0.6616674423217774,
                "ma_f_b": 0.6504580140113831
            }
        },
        "1": {
            "0": {
                "meta_doa": 0.5868549702016473,
                "pc-er": 0.2549072265625,
                "rm": 0.3734505274118856
            }
        }
    },
    "3": {
        "0": {
            "0": {
                "mi_acc": 0.6813843607902528,
                "rmse": 0.5643702507019044,
                "mae": 0.3186156332492829,
                "mi_prec": 0.7975637912750244,
                "mi_rec": 0.715116274356842,
                "mi_f_b": 0.7540337443351746,
                "mi_auc": 0.661667428251159,
                "ma_prec": 0.6473156332969665,
                "ma_rec": 0.6616674423217774,
                "ma_f_b": 0.6504580140113831
            }
        },
        "1": {
            "0": {
                "meta_doa": 0.5868549702016475,
                "pc-er": 0.2549072265625,
                "rm": 0.3734505274118856
            }
        }
    },
    "4": {
        "0": {
            "0": {
                "mi_acc": 0.6813843607902528,
                "rmse": 0.5643702507019044,
                "mae": 0.3186156332492829,
                "mi_prec": 0.7975637912750244,
                "mi_rec": 0.715116274356842,
                "mi_f_b": 0.7540337443351746,
                "mi_auc": 0.6616674282511591,
                "ma_prec": 0.6473156332969665,
                "ma_rec": 0.6616674423217774,
                "ma_f_b": 0.6504580140113831
            }
        },
        "1": {
            "0": {
                "meta_doa": 0.5868549702016475,
                "pc-er": 0.2549072265625,
                "rm": 0.3734505274118856
            }
        }
    }
}