CAT;dataset; valid_metric; best_valid_metric; best hyperparams
Naive CAT + Adam;algebra; 0.16738478334465626; {'inner_user_lr': 0.013612810801828261, 'num_inner_users_epochs': 7}
Naive CAT + Adam;math2;0.038769393499290594;{'inner_user_lr': 0.045672368125232767, 'num_inner_users_epochs': 10}
Naive CAT + Adam;assist0910;0.15279453399372322;{'inner_user_lr': 0.04982195749614724, 'num_inner_users_epochs': 9}

Beta_cd; algebra; 0.3433110466242833; meta_lr = 0.0010722699172843347, kl_weight = 0.0008792142747219621
Beta-cd; math2; 0.06558550583150904; meta_lr = 0.06668492128907412, kl_weight = 0.0002428247948589037
Beta-CD;assist0910;0.26407555832991303;{'meta_lr': 0.003384947246568344, 'kl_weight': 0.00017640406337096474}

MAML; algebra; 0.25887603155311506;{'meta_lr': 0.06253605392009107, 'inner_user_lr': 0.023265465614656002}
MAML; math2; 0.09858056281855455; meta_lr = 0.017899628734410162, inner_user_lr = 0.004382549912454652
MAML; assist0910; 0.1423028475125981; {'meta_lr': 0.03685437101362882, 'inner_user_lr': 0.01787668581300775}

Approx_GAP; algebra; -0.004486502044991705; 'meta_lr':0.9940914831732431
Approx_GAP; 0.018062758779907928; meta_lr = 1.9705711858670787
Approx_GAP; assist0910;-0.016323526192888748; meta_lr = 0.022968659097285172

MICAT;algebra;0.2651824694258601; meta_lr = 1.1452723921157866, learning_users_emb_lr = 0.0002625100105388952
MICAT; math2;0.05108007452161366; meta_lr = 0.3152974015893513,learning_users_emb_lr = 0.0009491244870352869