{
    "0": {
        "0": {
            "0": {
                "mi_acc": 0.6932735204696656,
                "rmse": 0.5538163900375366,
                "mae": 0.3067264497280121,
                "mi_prec": 0.6502009034156799,
                "mi_rec": 0.6560592174530029,
                "mi_f_b": 0.6530977129936217,
                "mi_auc": 0.6892828931502804,
                "ma_prec": 0.6889527440071106,
                "ma_rec": 0.6892828941345215,
                "ma_f_b": 0.6890900611877442
            }
        },
        "1": {
            "0": {
                "meta_doa": 0.7256826841337931,
                "pc-er": 0.07769470214843749,
                "rm": 0.8170588125764887
            }
        }
    },
    "1": {
        "0": {
            "0": {
                "mi_acc": 0.6932735204696656,
                "rmse": 0.5538163900375366,
                "mae": 0.3067264497280121,
                "mi_prec": 0.6502009034156799,
                "mi_rec": 0.6560592174530029,
                "mi_f_b": 0.6530977129936217,
                "mi_auc": 0.6892828931502804,
                "ma_prec": 0.6889527440071106,
                "ma_rec": 0.6892828941345215,
                "ma_f_b": 0.6890900611877442
            }
        },
        "1": {
            "0": {
                "meta_doa": 0.7256826841337931,
                "pc-er": 0.0776947021484375,
                "rm": 0.8170588125764888
            }
        }
    },
    "2": {
        "0": {
            "0": {
                "mi_acc": 0.6932735204696656,
                "rmse": 0.5538163900375366,
                "mae": 0.3067264497280121,
                "mi_prec": 0.6502009034156799,
                "mi_rec": 0.6560592174530029,
                "mi_f_b": 0.6530977129936217,
                "mi_auc": 0.6892828931502805,
                "ma_prec": 0.6889527440071106,
                "ma_rec": 0.6892828941345215,
                "ma_f_b": 0.6890900611877442
            }
        },
        "1": {
            "0": {
                "meta_doa": 0.725682684133793,
                "pc-er": 0.07769470214843749,
                "rm": 0.8170588125764889
            }
        }
    },
    "3": {
        "0": {
            "0": {
                "mi_acc": 0.6932735204696656,
                "rmse": 0.5538163900375366,
                "mae": 0.3067264497280121,
                "mi_prec": 0.6502009034156799,
                "mi_rec": 0.6560592174530029,
                "mi_f_b": 0.6530977129936217,
                "mi_auc": 0.6892828931502804,
                "ma_prec": 0.6889527440071106,
                "ma_rec": 0.6892828941345215,
                "ma_f_b": 0.6890900611877442
            }
        },
        "1": {
            "0": {
                "meta_doa": 0.725682684133793,
                "pc-er": 0.07769470214843749,
                "rm": 0.8170588125764889
            }
        }
    },
    "4": {
        "0": {
            "0": {
                "mi_acc": 0.6932735204696656,
                "rmse": 0.5538163900375366,
                "mae": 0.3067264497280121,
                "mi_prec": 0.6502009034156799,
                "mi_rec": 0.6560592174530029,
                "mi_f_b": 0.6530977129936217,
                "mi_auc": 0.6892828931502802,
                "ma_prec": 0.6889527440071106,
                "ma_rec": 0.6892828941345215,
                "ma_f_b": 0.6890900611877442
            }
        },
        "1": {
            "0": {
                "meta_doa": 0.7256826841337931,
                "pc-er": 0.07769470214843749,
                "rm": 0.8170588125764887
            }
        }
    }
}