{
    "0": {
        "0": {
            "0": {
                "mi_acc": 0.6335793614387513,
                "rmse": 0.5191967487335205,
                "mae": 0.39460068941116333,
                "mi_prec": 0.7619685888290406,
                "mi_rec": 0.6799959659576416,
                "mi_f_b": 0.7181749224662781,
                "ma_prec": 0.5966884851455689,
                "ma_rec": 0.6063528418540955,
                "ma_f_b": 0.5968003869056702
            }
        },
        "1": {
            "0": {
                "meta_doa": 0.4909491126237875,
                "pc-er": -0.037652587890625006,
                "rm": 0.011893233497250896
            }
        }
    },
    "1": {
        "0": {
            "0": {
                "mi_acc": 0.6335793614387513,
                "rmse": 0.5191967487335205,
                "mae": 0.39460068941116333,
                "mi_prec": 0.7619685888290406,
                "mi_rec": 0.6799959659576416,
                "mi_f_b": 0.7181749224662781,
                "ma_prec": 0.5966884851455689,
                "ma_rec": 0.6063528418540955,
                "ma_f_b": 0.5968003869056702
            }
        },
        "1": {
            "0": {
                "meta_doa": 0.49094911262378754,
                "pc-er": -0.037652587890625,
                "rm": 0.011893233497250898
            }
        }
    },
    "2": {
        "0": {
            "0": {
                "mi_acc": 0.6335793614387513,
                "rmse": 0.5191967487335205,
                "mae": 0.39460068941116333,
                "mi_prec": 0.7619685888290406,
                "mi_rec": 0.6799959659576416,
                "mi_f_b": 0.7181749224662781,
                "ma_prec": 0.5966884851455689,
                "ma_rec": 0.6063528418540955,
                "ma_f_b": 0.5968003869056702
            }
        },
        "1": {
            "0": {
                "meta_doa": 0.4909491126237875,
                "pc-er": -0.037652587890625006,
                "rm": 0.011893233497250896
            }
        }
    },
    "3": {
        "0": {
            "0": {
                "mi_acc": 0.6335793614387513,
                "rmse": 0.5191967487335205,
                "mae": 0.39460068941116333,
                "mi_prec": 0.7619685888290406,
                "mi_rec": 0.6799959659576416,
                "mi_f_b": 0.7181749224662781,
                "ma_prec": 0.5966884851455689,
                "ma_rec": 0.6063528418540955,
                "ma_f_b": 0.5968003869056702
            }
        },
        "1": {
            "0": {
                "meta_doa": 0.49094911262378754,
                "pc-er": -0.037652587890625,
                "rm": 0.011893233497250896
            }
        }
    },
    "4": {
        "0": {
            "0": {
                "mi_acc": 0.6335793614387513,
                "rmse": 0.5191967487335205,
                "mae": 0.39460068941116333,
                "mi_prec": 0.7619685888290406,
                "mi_rec": 0.6799959659576416,
                "mi_f_b": 0.7181749224662781,
                "ma_prec": 0.5966884851455689,
                "ma_rec": 0.6063528418540955,
                "ma_f_b": 0.5968003869056702
            }
        },
        "1": {
            "0": {
                "meta_doa": 0.4909491126237876,
                "pc-er": -0.037652587890625006,
                "rm": 0.011893233497250896
            }
        }
    }
}