{
    "0": {
        "0": {
            "0": {
                "mi_acc": 0.7651597380638122,
                "rmse": 0.48450847864151003,
                "mae": 0.23484026789665224,
                "mi_prec": 0.9010053873062134,
                "mi_rec": 0.794722354412079,
                "mi_f_b": 0.8443248271942139,
                "mi_auc": 0.7213677034175002,
                "ma_prec": 0.6693387627601624,
                "ma_rec": 0.7213677048683167,
                "ma_f_b": 0.6827882885932923
            }
        },
        "1": {
            "0": {
                "meta_doa": 0.521383753629495,
                "pc-er": 0.14852294921875,
                "rm": 0.14726136184972452
            }
        }
    },
    "1": {
        "0": {
            "0": {
                "mi_acc": 0.7651597380638122,
                "rmse": 0.48450847864151003,
                "mae": 0.23484026789665224,
                "mi_prec": 0.9010053873062134,
                "mi_rec": 0.794722354412079,
                "mi_f_b": 0.8443248271942139,
                "mi_auc": 0.7213677034175002,
                "ma_prec": 0.6693387627601624,
                "ma_rec": 0.7213677048683167,
                "ma_f_b": 0.6827882885932923
            }
        },
        "1": {
            "0": {
                "meta_doa": 0.521383753629495,
                "pc-er": 0.14852294921874998,
                "rm": 0.14726136184972458
            }
        }
    },
    "2": {
        "0": {
            "0": {
                "mi_acc": 0.7651597380638122,
                "rmse": 0.48450847864151003,
                "mae": 0.23484026789665224,
                "mi_prec": 0.9010053873062134,
                "mi_rec": 0.794722354412079,
                "mi_f_b": 0.8443248271942139,
                "mi_auc": 0.7213677034175001,
                "ma_prec": 0.6693387627601624,
                "ma_rec": 0.7213677048683167,
                "ma_f_b": 0.6827882885932923
            }
        },
        "1": {
            "0": {
                "meta_doa": 0.5213837536294951,
                "pc-er": 0.14852294921875,
                "rm": 0.14726136184972455
            }
        }
    },
    "3": {
        "0": {
            "0": {
                "mi_acc": 0.7651597380638122,
                "rmse": 0.48450847864151003,
                "mae": 0.23484026789665224,
                "mi_prec": 0.9010053873062134,
                "mi_rec": 0.794722354412079,
                "mi_f_b": 0.8443248271942139,
                "mi_auc": 0.7213677034175002,
                "ma_prec": 0.6693387627601624,
                "ma_rec": 0.7213677048683167,
                "ma_f_b": 0.6827882885932923
            }
        },
        "1": {
            "0": {
                "meta_doa": 0.521383753629495,
                "pc-er": 0.14852294921874998,
                "rm": 0.14726136184972452
            }
        }
    },
    "4": {
        "0": {
            "0": {
                "mi_acc": 0.7651597380638122,
                "rmse": 0.48450847864151003,
                "mae": 0.23484026789665224,
                "mi_prec": 0.9010053873062134,
                "mi_rec": 0.794722354412079,
                "mi_f_b": 0.8443248271942139,
                "mi_auc": 0.7213677034175002,
                "ma_prec": 0.6693387627601624,
                "ma_rec": 0.7213677048683167,
                "ma_f_b": 0.6827882885932923
            }
        },
        "1": {
            "0": {
                "meta_doa": 0.521383753629495,
                "pc-er": 0.14852294921874998,
                "rm": 0.14726136184972455
            }
        }
    }
}