{
    "0": {
        "0": {
            "0": {
                "mi_acc": 0.5933233499526978,
                "rmse": 0.5490862607955933,
                "mae": 0.43207885622978215,
                "mi_prec": 0.4964214265346527,
                "mi_rec": 0.5474920392036438,
                "mi_f_b": 0.5202691674232482,
                "ma_prec": 0.5835931777954102,
                "ma_rec": 0.5861598968505859,
                "ma_f_b": 0.5835003733634949
            }
        },
        "1": {
            "0": {
                "meta_doa": 0.5119629213927092,
                "pc-er": -0.0017429351806640611,
                "rm": 0.0823866467003099
            }
        }
    },
    "1": {
        "0": {
            "0": {
                "mi_acc": 0.5933233499526978,
                "rmse": 0.5490862607955933,
                "mae": 0.43207885622978215,
                "mi_prec": 0.4964214265346527,
                "mi_rec": 0.5474920392036438,
                "mi_f_b": 0.5202691674232482,
                "ma_prec": 0.5835931777954102,
                "ma_rec": 0.5861598968505859,
                "ma_f_b": 0.5835003733634949
            }
        },
        "1": {
            "0": {
                "meta_doa": 0.5119629213927092,
                "pc-er": -0.0017429351806640628,
                "rm": 0.08238664670030992
            }
        }
    },
    "2": {
        "0": {
            "0": {
                "mi_acc": 0.5933233499526978,
                "rmse": 0.5490862607955933,
                "mae": 0.43207885622978215,
                "mi_prec": 0.4964214265346527,
                "mi_rec": 0.5474920392036438,
                "mi_f_b": 0.5202691674232482,
                "ma_prec": 0.5835931777954102,
                "ma_rec": 0.5861598968505859,
                "ma_f_b": 0.5835003733634949
            }
        },
        "1": {
            "0": {
                "meta_doa": 0.5119629213927092,
                "pc-er": -0.0017429351806640611,
                "rm": 0.0823866467003099
            }
        }
    },
    "3": {
        "0": {
            "0": {
                "mi_acc": 0.5933233499526978,
                "rmse": 0.5490862607955933,
                "mae": 0.43207885622978215,
                "mi_prec": 0.4964214265346527,
                "mi_rec": 0.5474920392036438,
                "mi_f_b": 0.5202691674232482,
                "ma_prec": 0.5835931777954102,
                "ma_rec": 0.5861598968505859,
                "ma_f_b": 0.5835003733634949
            }
        },
        "1": {
            "0": {
                "meta_doa": 0.511962921392709,
                "pc-er": -0.0017429351806640628,
                "rm": 0.0823866467003099
            }
        }
    },
    "4": {
        "0": {
            "0": {
                "mi_acc": 0.5933233499526978,
                "rmse": 0.5490862607955933,
                "mae": 0.43207885622978215,
                "mi_prec": 0.4964214265346527,
                "mi_rec": 0.5474920392036438,
                "mi_f_b": 0.5202691674232482,
                "ma_prec": 0.5835931777954102,
                "ma_rec": 0.5861598968505859,
                "ma_f_b": 0.5835003733634949
            }
        },
        "1": {
            "0": {
                "meta_doa": 0.5119629213927093,
                "pc-er": -0.0017429351806640624,
                "rm": 0.0823866467003099
            }
        }
    }
}